GROUP,PACKAGE,CLASS,INSTRUCTION_MISSED,INSTRUCTION_COVERED,BRANCH_MISSED,BRANCH_COVERED,LINE_MISSED,LINE_COVERED,COMPLEXITY_MISSED,COMPLEXITY_COVERED,METHOD_MISSED,METHOD_COVERED
discounts,com.retail.store.discount.service,DiscountsServiceImpl,10,180,0,4,0,41,2,7,2,5
discounts,com.retail.store.discount.service.discount.factory,PercentageDiscountStrategyFactory,0,26,0,5,0,6,0,4,0,1
discounts,com.retail.store.discount.service.discount.decorator,DiscountDecorator,0,5,0,0,0,1,0,1,0,1
discounts,com.retail.store.discount.service.discount.decorator,PercentageDiscountDecorator,0,8,0,0,0,3,0,2,0,2
discounts,com.retail.store.discount.service.discount.decorator,BillAmountDiscountDecorator,0,23,0,0,0,4,0,2,0,2
discounts,com.retail.store.discount.controller,DiscountsController,0,9,0,0,0,3,0,1,0,1
discounts,com.retail.store.discount.service.discount.strategy,EmployeePercentageDiscountStrategy,0,10,0,0,0,2,0,2,0,2
discounts,com.retail.store.discount.service.discount.strategy,NoPercentageDiscountStrategy,0,5,0,0,0,2,0,2,0,2
discounts,com.retail.store.discount.service.discount.strategy,CustomerPercentageDiscountStrategy,0,10,0,0,0,2,0,2,0,2
discounts,com.retail.store.discount.service.discount.strategy,AffiliatePercentageDiscountStrategy,0,10,0,0,0,2,0,2,0,2
